ck,gk,name,bdate,ms,gender,income,childrenhome,occ,hof,nco,addr1,addr2,phone,datefirstpuchase,datelastpurchase
11188,361,Catherine Morris,06/09/1964,M,F,70000,1,Management,1,2,6542 Stonewood Drive,,111-1111-1111,04/05/2019 00:00,24/07/2024
11487,186,Morgan Jones,09/07/1991,S,F,20000,0,Manual,1,2,"15, rue Philibert-Delorme",,1 (11) 500 555-0155,17/06/2019,17/06/2024
11051,21,Daniel Johnson,04/08/1971,S,M,30000,0,Skilled Manual,0,2,8085 Sunnyvale Avenue,,1 (11) 500 555-0155,01/07/2019,04/07/2024
11133,542,Angela Griffin,08/09/2000,S,F,30000,0,Clerical,0,2,3828 Baltic Sea Ct,,598-555-0174,02/07/2019,02/07/2024
11349,134,Mindy Luo,03/09/1974,M,F,10000,0,Manual,1,1,Brunnenstr 7566,Verkaufsabteilung,1 (11) 500 555-0194,16/07/2019,16/07/2024
11383,206,Marie Gill,28/08/1980,M,F,30000,0,Clerical,1,0,"571, rue Malar",,1 (11) 500 555-0192,04/07/2019,04/07/2024
11435,168,Robin Romero,06/03/1970,S,F,100000,4,Management,1,4,Hüttenstr 9995,,1 (11) 500 555-0168,07/07/2019,07/07/2024
11441,192,Erika Gomez,12/06/1967,M,F,90000,0,Skilled Manual,0,2,"2, place Beaubernard",,1 (11) 500 555-0155,11/07/2019,11/07/2024
11552,135,Eddie Rubio,27/05/1987,S,M,20000,1,Manual,0,1,Heiderplatz 662,,1 (11) 500 555-0159,09/07/2019,09/07/2024
11585,231,Kari Perez,08/03/1985,M,F,40000,0,Skilled Manual,1,0,6124 Clayton Road,,1 (11) 500 555-0192,13/07/2019,13/07/2024
11595,117,Sebastian Howard,02/07/1999,S,M,20000,5,Manual,1,3,Höhenstr 9419,,1 (11) 500 555-0112,02/07/2019,02/07/2024
11597,225,Janelle Chandra,06/02/1998,S,F,30000,3,Clerical,1,2,"25, avenue de la Gare",,1 (11) 500 555-0161,08/07/2019,08/07/2024
11733,311,Kristi Schmidt,27/07/1979,M,F,60000,0,Skilled Manual,1,1,1536 Camino Verde Ct.,,995-555-0114,04/07/2019,10/07/2024
11786,634,Ian Murphy,13/09/1992,S,M,60000,0,Skilled Manual,1,0,2391 St. Peter Court,,754-555-0141,01/07/2019,26/07/2024
11927,638,Nicole Murphy,24/07/1998,S,F,40000,0,Skilled Manual,0,1,7468 Franklin Canyon Road,,373-555-0118,12/07/2019,31/07/2024
12233,254,Jerry Yuan,09/05/1975,M,M,10000,0,Manual,1,1,136 Balboa Court,,1 (11) 500 555-0163,20/07/2019,20/07/2024
12313,199,Jaime Chande,05/06/1973,S,M,100000,4,Management,1,4,"15, rue Philibert-Delorme",,1 (11) 500 555-0194,18/07/2019,18/07/2024
12375,226,Jarrod Raman,24/02/2000,S,M,20000,0,Manual,1,2,"64, route de Marseille",,1 (11) 500 555-0158,14/07/2019,14/07/2024
12405,261,Cole Sanchez,19/09/1990,S,M,40000,2,Clerical,1,2,2620 Tice,,1 (11) 500 555-0185,10/07/2019,10/07/2024
12417,307,Alexis Bryant,25/11/1986,S,F,60000,0,Skilled Manual,1,0,4617 Sheppard Way,,535-555-0111,08/07/2019,08/07/2024
12443,301,Garrett James,22/05/1977,M,M,40000,0,Clerical,1,1,6190 Terra Granada,,744-555-0130,21/07/2019,21/07/2024
12456,612,Thomas Chen,16/08/1979,M,M,60000,0,Skilled Manual,1,0,2530 Spring Hill Road,,860-555-0179,19/07/2019,19/07/2024
12478,155,Ruben Mehta,17/02/1985,S,M,20000,2,Manual,1,1,Welt Platz 4,,1 (11) 500 555-0183,02/07/2019,02/07/2024
12529,299,Isaiah Allen,11/10/1979,M,M,60000,0,Skilled Manual,1,0,3476 Sunset Meadows,,457-555-0183,22/07/2019,22/07/2024
12542,204,Preston Patel,27/06/1982,M,M,30000,0,Clerical,1,0,"835, avenue des Laurentides",,1 (11) 500 555-0186,14/07/2019,14/07/2024
12792,611,Blake White,21/03/1978,M,M,60000,0,Skilled Manual,1,0,9922 Hawthorne Dr,,520-555-0154,09/07/2019,09/07/2024
12801,117,Melody Browning,05/01/1988,S,F,30000,0,Clerical,1,0,Postfach 11 00 99,,1 (11) 500 555-0182,27/07/2019,27/07/2024
12802,176,Alan Sun,18/04/1988,S,M,30000,0,Clerical,1,0,Conesweg 681,,1 (11) 500 555-0153,15/07/2019,15/07/2024
12876,348,Blake Robinson,22/07/1979,M,M,60000,0,Skilled Manual,1,0,3768 Door Way,,512-555-0149,15/07/2019,15/07/2024
12890,347,Steven Thorpe,19/07/1991,M,M,60000,1,Skilled Manual,1,0,6186 Berry Court,,410-555-0151,08/07/2019,08/07/2024
12911,302,Sebastian Rogers,26/10/1989,S,M,60000,0,Professional,1,0,9979 Sundance Dr.,,385-555-0192,09/07/2019,09/07/2024
12974,307,Marc Gill,28/02/1987,S,M,60000,0,Professional,1,1,9800 St. George Dr,,177-555-0114,18/07/2019,18/07/2024
13033,348,Xavier Gonzalez,20/11/1996,S,M,60000,0,Skilled Manual,0,2,8475 Riverwood Circle,,544-555-0195,20/07/2019,20/07/2024
13094,385,Antonio Diaz,23/03/1977,M,M,60000,0,Professional,0,2,6373 Berrellesa St.,,469-555-0172,12/07/2019,12/07/2024
13211,536,James Jai,12/12/1965,M,M,60000,0,Management,1,2,8629 Partridge Dr,,192-555-0122,22/07/2019,22/07/2024
13281,301,Brent Li,17/05/1984,M,M,110000,2,Management,1,4,5972 Boxwood Dr.,,851-555-0116,13/07/2019,13/07/2024
13295,547,Jasmine Jackson,23/10/1981,M,F,90000,3,Professional,1,2,6434 Galveston Ct.,,384-555-0179,26/07/2019,26/07/2024
13321,547,Arianna Barnes,19/10/1973,S,F,70000,0,Management,0,2,4001 Fawn Glen Circle,,189-555-0119,02/07/2019,02/07/2024
13338,368,Jada Carter,12/08/1962,S,F,90000,0,Management,1,2,8136 Michele Drive,,298-555-0117,29/07/2019,29/07/2024
13390,347,Julia Collins,26/05/1970,M,F,70000,2,Professional,0,1,9622 Precipice Court,,697-555-0157,02/07/2019,02/07/2024
13469,642,Bryce Bailey,10/10/1980,S,M,100000,3,Professional,1,1,3673 Serrana Court,,345-555-0161,19/07/2019,19/07/2024
13481,307,Hunter Hernandez,06/07/1973,M,M,70000,0,Management,1,2,3861 Las Lomas Way,,115-555-0196,13/07/2019,13/07/2024
13578,188,Karl Nath,24/04/1965,M,M,70000,1,Professional,1,3,4138 Shore Rd.,,1 (11) 500 555-0188,18/07/2019,18/07/2024
13601,164,Tanya Dominguez,06/05/1970,M,F,100000,4,Management,1,4,Berliner Platz 499,,1 (11) 500 555-0168,06/07/2019,06/07/2024
13611,218,Marshall Huang,23/03/1968,M,M,90000,1,Management,1,3,"33, quai de l´ Iton",,1 (11) 500 555-0189,08/07/2019,08/07/2024
13671,173,Frank Ramos,07/02/1994,S,M,30000,0,Clerical,0,1,Carlsplatz 43,,1 (11) 500 555-0146,31/07/2019,31/07/2024
13677,174,Brian Albrecht,28/03/1998,S,F,30000,0,Manual,0,1,Heiderweg 4624,,1 (11) 500 555-0119,07/07/2019,07/07/2024
13731,312,Jan James,18/04/1975,S,F,80000,0,Skilled Manual,1,0,7168 Belmont,,606-555-0142,26/07/2019,26/07/2024
13738,338,Jose Young,25/03/1976,M,M,40000,0,Clerical,1,1,1893 Cranbrook Way,,430-555-0186,19/07/2019,19/07/2024
13753,355,Rebecca Nicholls,02/03/1978,S,F,80000,0,Skilled Manual,1,0,9505 Hargate Court,,805-555-0178,31/07/2019,31/07/2024
13797,168,Franklin Gao,07/06/1983,M,M,20000,3,Manual,0,1,Auf der Krone 123,,1 (11) 500 555-0143,02/07/2019,02/07/2024
13804,232,Dawn Luo,13/01/1985,M,F,40000,0,Skilled Manual,1,0,4785 Stillman Court,,1 (11) 500 555-0138,03/07/2019,03/07/2024
13875,316,Samantha Williams,20/11/1989,M,F,60000,0,Professional,1,0,1232 Nephi Court,,785-555-0195,27/07/2019,27/07/2024
13919,325,Grace Smith,23/04/1944,M,F,70000,0,Skilled Manual,1,1,464 Ahneita Dr.,,175-555-0135,07/07/2019,07/07/2024
13929,542,Robert Hayes,06/03/1982,S,M,40000,2,Skilled Manual,1,2,9620 Fallbrook Road,,117-555-0135,30/07/2019,30/07/2024
13946,547,Jason Powell,26/07/1979,M,M,60000,3,Professional,1,0,6344 Dartmouth Way,,881-555-0188,17/07/2019,17/07/2024
14029,542,Christina Morris,22/08/1996,M,F,60000,0,Professional,1,2,6680 Brookdale Dr.,,193-555-0194,31/07/2019,31/07/2024
14114,312,Chloe Martin,07/01/1992,M,F,70000,0,Skilled Manual,0,2,4215 Arleda Lane,,989-555-0160,31/07/2019,31/07/2024
14168,207,Edwin Guo,25/09/1971,M,M,20000,0,Manual,1,1,"191, avenue Reille",,1 (11) 500 555-0131,28/07/2019,28/07/2024
14179,156,Claudia Xu,26/04/1966,S,F,100000,3,Management,1,4,Lützowplatz 5538,,1 (11) 500 555-0140,17/07/2019,17/07/2024
14206,133,Edwin West,06/07/1967,M,M,100000,5,Professional,0,1,Brunnenstr 876,,1 (11) 500 555-0158,12/07/2019,12/07/2024
14247,641,Hunter Allen,27/02/1962,M,M,90000,0,Management,1,2,9762 Alvecedo,,241-555-0129,13/07/2019,13/07/2024
14258,358,Haley Foster,18/07/1964,S,F,70000,0,Management,1,2,"128, avenue des Champs-Elysées",,479-555-0116,27/07/2019,27/07/2024
14340,548,Miranda Butler,01/04/1997,S,F,40000,0,Skilled Manual,1,2,4554 Bates Court,,414-555-0179,08/07/2019,08/07/2024
14361,611,Franklin Raje,24/01/1979,M,M,60000,0,Skilled Manual,1,0,8454 Mount Circle,,136-555-0165,09/07/2019,09/07/2024
14368,311,Richard Thompson,15/03/1991,M,M,60000,1,Skilled Manual,1,0,9715 San Francisco,,286-555-0164,17/07/2019,17/07/2024
14397,632,Sierra Edwards,24/03/1968,S,F,60000,1,Professional,1,1,8768 Valley Ave,,267-555-0113,28/07/2019,28/07/2024
14402,642,Hailey Parker,21/05/1969,S,F,60000,1,Professional,1,2,8739 Twinview Drive,,213-555-0169,03/07/2019,03/07/2024
14407,312,Thomas Bryant,04/06/1970,M,M,60000,1,Professional,1,1,7402 Oakgrove Rd,,603-555-0167,06/07/2019,06/07/2024
14431,300,Kayla Moore,21/11/1976,M,F,70000,0,Professional,0,2,8956 Birch Bark Road,,942-555-0171,17/07/2019,17/07/2024
14474,348,Jacqueline Murphy,21/09/1975,M,F,60000,0,Professional,0,2,9118 McNutt Ave,,461-555-0151,31/07/2019,31/07/2024
14482,539,Noah Perez,22/07/1980,M,M,90000,3,Professional,1,3,4340 Ohara Ct,,667-555-0116,08/07/2019,08/07/2024
14500,374,Jasmine Ward,18/11/1957,S,F,130000,3,Management,0,4,1707 Willowwood Ct.,,202-555-0117,18/07/2019,18/07/2024
14514,299,Rachel Jones,11/09/1999,S,F,30000,0,Skilled Manual,1,1,3358 Thornhill Place,,462-555-0163,29/07/2019,29/07/2024
14575,634,Rachel Lee,11/05/1989,M,F,60000,0,Professional,1,0,8831 Cloverleaf Circle,,182-555-0193,26/07/2019,26/07/2024
14583,542,Sydney Morris,13/05/1990,M,F,60000,0,Professional,1,0,975 Harris Circle,,507-555-0112,06/07/2019,06/07/2024
14689,207,Lloyd Saunders,26/11/2000,S,F,20000,0,Manual,0,2,"1, rue de l´Avenir",,535-555-0100,01/07/2019,01/07/2024
14759,368,Madison Davis,12/03/1978,S,F,80000,0,Skilled Manual,1,0,8571 Sun View Drive,,430-555-0115,14/07/2019,14/07/2024
14785,208,Gavin Patterson,11/03/1987,S,M,30000,1,Clerical,0,1,"6, rue de l´Esplanade",,1 (11) 500 555-0173,07/07/2019,07/07/2024
14856,536,Kari Carlson,04/08/1997,S,F,40000,0,Clerical,1,2,7847 Delta Fair Blvd.,,161-555-0184,18/07/2019,18/07/2024
14869,552,Jennifer Bryant,26/08/1995,S,F,40000,3,Clerical,1,1,9027 Lancelot Dr,,150-555-0167,26/07/2019,26/07/2024
14933,119,Ronald Patel,18/01/1987,M,M,20000,1,Manual,1,1,Am Karlshof 820,,1 (11) 500 555-0139,29/07/2019,29/07/2024
14958,242,Clayton Liang,06/10/1986,M,M,40000,0,Professional,1,0,7899 E St.,,1 (11) 500 555-0131,01/07/2019,01/07/2024
14962,171,Justin Jai,13/10/1985,M,M,40000,0,Skilled Manual,1,0,Zollhof 7266,,1 (11) 500 555-0180,26/07/2019,26/07/2024
14977,199,Stacy Carlson,18/02/1998,S,F,30000,3,Clerical,1,2,"6, route de Marseille",,1 (11) 500 555-0173,20/07/2019,20/07/2024
14980,178,Michele Garcia,03/09/1998,S,F,30000,4,Clerical,1,2,Unter Linden 244,,1 (11) 500 555-0143,05/07/2019,05/07/2024
14999,261,Arianna Morris,06/05/1993,S,F,10000,0,Manual,1,2,1767 Ham Dr.,,1 (11) 500 555-0160,05/07/2019,09/07/2024
15060,222,Max Vazquez,24/12/1978,S,M,20000,0,Manual,1,1,"27, place Beaubernard",,1 (11) 500 555-0112,01/07/2019,01/07/2024
15074,171,Elizabeth Perry,26/02/1940,M,F,10000,0,Clerical,0,2,Postfach 2 77 77,,1 (11) 500 555-0193,22/07/2019,22/07/2024
15111,192,Leah Huang,09/09/1971,M,F,80000,1,Professional,1,3,"22, rue du Puits Dixme",,1 (11) 500 555-0166,19/07/2019,19/07/2024
15113,127,Robert Smith,04/06/1971,M,M,80000,2,Professional,1,2,Erftplatz 123,Verkaufsabteilung,1 (11) 500 555-0166,22/07/2019,22/07/2024
15160,307,Candace Van,20/01/1962,M,F,80000,0,Management,1,2,420 Royal Links Circle,,954-555-0133,31/07/2019,31/07/2024
15259,301,Franklin Zhu,04/10/1997,S,M,30000,0,Clerical,0,2,6140 Nightingale Drive,# 79,665-555-0159,07/07/2019,07/07/2024
15293,542,Mason Watson,11/03/1991,M,M,60000,0,Skilled Manual,1,0,255 Mt. Olivet Ct.,,638-555-0178,15/07/2019,15/07/2024
15300,632,Seth Butler,09/11/1992,M,M,60000,0,Skilled Manual,1,0,984 Talbart St.,,144-555-0168,29/07/2019,29/07/2024
15306,609,Victoria Sanchez,19/09/1965,M,F,60000,0,Management,1,2,3963 Greentree Drive,,143-555-0113,05/07/2019,05/07/2024
15336,302,Marco Garcia,21/09/1970,M,M,60000,1,Professional,1,1,1450 A St.,,627-555-0111,23/07/2019,23/07/2024
15361,368,Thomas Gonzales,18/05/1953,S,M,160000,0,Management,0,4,2489 Driving Drive,,709-555-0190,27/07/2019,27/07/2024
15381,631,Alexa Howard,10/05/1982,M,F,100000,2,Professional,1,3,5041 Stillwater Court,# 205,769-555-0136,11/07/2019,11/07/2024
15383,335,Charles Rivera,28/10/1982,M,M,130000,2,Management,1,4,9497 Richard Ave.,,960-555-0112,22/07/2019,22/07/2024
15495,307,Craig Alonso,18/05/1987,M,M,40000,5,Skilled Manual,1,2,7136 Almond Drive,,941-555-0118,01/07/2019,01/07/2024
15574,383,Carlos Peterson,21/01/1978,S,M,70000,4,Professional,0,2,7907 Eagle Peak Road,,823-555-0169,10/07/2019,10/07/2024
15629,162,Meghan Ruiz,02/10/1991,S,F,10000,0,Manual,1,2,Alte Landstr 221,,1 (11) 500 555-0199,03/07/2019,03/07/2024
15682,142,Heidi Garcia,21/05/1964,S,F,80000,0,Management,1,2,Lindenalle 1384,,1 (11) 500 555-0138,14/07/2019,14/07/2024
15749,611,Grace Brown,25/10/1964,S,F,70000,0,Management,1,2,2325 Mountaire Drive,,627-555-0172,20/07/2019,20/07/2024
15758,38,Arturo Andersen,26/05/1978,M,M,130000,1,Management,1,0,6745 Blue Ridge Drive,,1 (11) 500 555-0158,08/07/2019,27/07/2024
15825,637,Angela Simmons,04/06/1996,S,F,40000,0,Skilled Manual,1,2,5572 Running Springs Road,,787-555-0188,17/07/2019,17/07/2024
16008,623,Morgan Allen,16/07/1959,M,F,110000,4,Management,1,1,1694 Pinole Valley Rd.,,908-555-0127,14/07/2019,14/07/2024
16024,627,Isaac Hill,17/08/1998,M,M,40000,0,Skilled Manual,1,1,5457 Woodcrest Dr.,,972-555-0195,12/07/2019,12/07/2024
16035,237,Sebastian Morgan,18/06/1982,M,M,20000,0,Manual,1,0,7236 Tanager Circle,,1 (11) 500 555-0175,17/07/2019,27/07/2024
16060,383,Antonio Griffin,27/10/1990,M,M,50000,1,Skilled Manual,1,0,8550 Placer Dr.,,718-555-0137,26/07/2019,26/07/2024
16070,343,Sierra Phillips,22/12/1989,S,F,60000,0,Professional,1,0,9075 Ingersoll Terrace,,702-555-0155,08/07/2019,08/07/2024
16076,648,Catherine Rogers,16/06/1991,M,F,60000,0,Professional,1,0,9201 Lexington Rd.,,190-555-0182,18/07/2019,18/07/2024
16233,335,Rebecca King,25/03/1975,S,F,80000,0,Skilled Manual,1,0,4973 Twinview Drive,,695-555-0184,17/07/2019,17/07/2024
16239,339,Gabriel Nelson,01/12/1977,M,M,40000,0,Clerical,1,1,7764 Juliet Court,,569-555-0150,08/07/2019,08/07/2024
16240,301,Madeline Green,15/02/1978,S,F,80000,0,Skilled Manual,1,0,8555 Napa Court,,747-555-0146,05/07/2019,05/07/2024
16245,369,Alexandra Griffin,25/09/1978,S,F,80000,0,Skilled Manual,1,0,3723 Mt. Sequoia Ct.,,218-555-0114,26/07/2019,26/07/2024
16257,216,Michele Chandra,18/10/1987,M,F,20000,1,Manual,1,1,"2, avenue des Laurentides",,1 (11) 500 555-0182,18/07/2019,18/07/2024
16274,115,Ross Diaz,16/03/1984,M,M,10000,2,Manual,0,1,Holzstr 1333,,1 (11) 500 555-0132,05/07/2019,05/07/2024
16285,205,Mindy Xie,02/11/1986,M,F,40000,0,Professional,0,0,8498 Mcneil Pl.,,1 (11) 500 555-0155,19/07/2019,19/07/2024
16303,127,Tracy Yuan,07/09/1999,S,F,20000,5,Manual,1,2,Rehstr 1235,,1 (11) 500 555-0188,29/07/2019,29/07/2024
16368,635,Lauren Williams,08/11/1975,S,F,80000,0,Skilled Manual,1,0,7545 Stanford Way,,150-555-0146,04/07/2019,04/07/2024
16443,239,Dawn Gao,08/03/1999,S,F,30000,3,Clerical,1,2,3930 Sony Hill Circle,,1 (11) 500 555-0144,06/07/2019,26/07/2024
16462,147,Marissa Gonzales,17/04/1995,S,F,20000,0,Manual,0,1,Höhenstr 9449,,1 (11) 500 555-0147,13/07/2019,13/07/2024
16502,553,Jackson Parker,13/02/1995,S,M,30000,0,Skilled Manual,1,2,5018 Bloching Circle,,361-555-0129,15/07/2019,15/07/2024
16576,184,Corey Beck,12/10/1966,S,M,90000,0,Professional,1,2,"9, rue Léo Delibes",,1 (11) 500 555-0114,09/07/2019,09/07/2024
16583,131,Justin Martinez,05/05/1974,M,M,100000,4,Professional,1,3,Alderstr 8229,,1 (11) 500 555-0185,11/07/2019,11/07/2024
16723,302,Barbara Zhao,14/09/2000,M,F,30000,0,Skilled Manual,1,2,7076 Terry Lynn Lane,,464-555-0130,24/07/2019,24/07/2024
16757,547,Mackenzie Cox,03/07/1987,M,F,110000,1,Management,1,0,6191 Story Lane,,199-555-0157,03/07/2019,03/07/2024
16768,311,Eduardo Barnes,10/07/1993,M,M,50000,0,Skilled Manual,1,0,899 Park Blvd.,,162-555-0149,23/07/2019,23/07/2024
16815,347,Jacob Brown,10/05/1971,M,M,70000,2,Professional,1,1,8668 Via Neruda,,588-555-0115,13/07/2019,13/07/2024
16816,355,Julia Miller,11/03/1971,M,F,70000,2,Professional,1,1,4002 Willow Pass Dr.,,555-555-0194,07/07/2019,07/07/2024
16861,334,Luis Sharma,10/06/1982,S,M,130000,2,Management,0,4,4207 Madrid Lane,,630-555-0138,16/07/2019,16/07/2024
16862,343,Timothy Nelson,20/12/1982,M,M,130000,2,Management,1,4,7798 Esperanza Drive,,267-555-0140,16/07/2019,16/07/2024
16883,334,Tyler Davis,28/12/1980,S,M,120000,4,Professional,1,1,3504 Tosco Way,,173-555-0136,08/07/2019,08/07/2024
16918,642,Alexandria Cox,11/08/1999,S,F,40000,0,Skilled Manual,1,2,8534 Willow Pass Road,,836-555-0131,19/07/2019,19/07/2024
16922,609,Emma Jackson,02/02/1998,S,F,40000,0,Skilled Manual,1,1,8581 Paris Lane,,191-555-0172,25/07/2019,25/07/2024
16954,609,Fernando Davis,27/05/1990,S,M,60000,0,Professional,1,0,7986 Terra Calitina,,651-555-0165,15/07/2019,15/07/2024
16962,322,Zachary Coleman,25/08/1989,M,M,60000,0,Professional,1,0,4263 San Ysidro Court,,579-555-0134,22/07/2019,22/07/2024
17151,633,Jasmine Alexander,21/07/1969,S,F,60000,1,Professional,1,2,9777 Mozden Lane,,617-555-0190,31/07/2019,31/07/2024
17190,168,Ebony Rana,07/10/1975,S,F,120000,4,Professional,1,4,Kampstr 9859,,1 (11) 500 555-0145,17/07/2019,17/07/2024
17210,151,Karl Deng,13/08/1974,S,M,130000,4,Professional,0,4,Pascalstr 756,,1 (11) 500 555-0155,15/07/2019,15/07/2024
17356,542,Mary Evans,11/11/1996,S,F,40000,0,Skilled Manual,0,2,6968 Hobby Court,,943-555-0127,14/07/2019,14/07/2024
17378,543,Zachary Foster,09/06/1998,M,M,40000,0,Skilled Manual,1,1,8241 San Jose Drive,,273-555-0159,20/07/2019,20/07/2024
17391,637,Angela Bennett,12/05/1984,S,F,100000,2,Professional,1,0,486 11th,,718-555-0115,28/07/2019,28/07/2024
17549,343,Jonathan Taylor,14/02/1962,M,M,60000,0,Management,1,2,8154 Falcon Place,,436-555-0116,08/07/2019,08/07/2024
17584,301,Lisa Liu,04/06/1988,S,F,70000,2,Skilled Manual,0,1,4310 Chickpea Ct.,,153-555-0188,29/07/2019,29/07/2024
17589,618,Melanie Brooks,20/04/1990,S,F,60000,0,Professional,1,0,7120 Panoramic Drive,,455-555-0159,25/07/2019,25/07/2024
17673,339,Amber Scott,06/05/1976,M,F,40000,0,Clerical,1,1,6964 Keller Ridge Dr.,,715-555-0193,15/07/2019,15/07/2024
17697,315,Nathaniel Gray,07/08/1992,S,M,50000,0,Skilled Manual,1,0,9752 Benita Way,,218-555-0110,26/07/2019,26/07/2024
17719,205,Vincent Gao,11/09/1958,M,M,10000,0,Clerical,1,1,"6, avenue des Ternes",,1 (11) 500 555-0186,22/07/2019,22/07/2024
17774,128,Brandi Gutierrez,24/03/1988,M,F,20000,1,Manual,1,0,Unter Linden 943,,1 (11) 500 555-0117,19/07/2019,19/07/2024
17819,236,Arthur Rana,13/08/1985,M,M,40000,0,Skilled Manual,1,0,375 Davona Drive,,1 (11) 500 555-0176,15/07/2019,15/07/2024
17851,120,Warren Tang,16/03/1993,S,M,10000,0,Manual,1,2,Marienplatz 50,,1 (11) 500 555-0118,29/07/2019,29/07/2024
17938,205,Ruben Gill,12/04/1979,S,M,10000,1,Manual,0,1,"11, rue de Terre Neuve",,1 (11) 500 555-0192,07/07/2019,07/07/2024
17939,219,Kelli Wang,04/07/1979,S,F,10000,1,Manual,0,1,"84, avenue des Ternes",,1 (11) 500 555-0167,06/07/2019,06/07/2024
18003,162,Edwin Chande,19/09/1953,M,M,30000,0,Skilled Manual,1,1,Carlsplatz 51,,1 (11) 500 555-0127,27/07/2019,27/07/2024
18013,249,Kathleen Munoz,19/07/1985,M,F,40000,0,Skilled Manual,1,0,1055 Horseshoe Road,,1 (11) 500 555-0175,17/07/2019,17/07/2024
18070,369,Alyssa Martinez,04/02/1966,M,F,60000,0,Management,1,2,2090 Vine Hill Way,,568-555-0197,26/07/2019,26/07/2024
18073,361,Robert Chen,14/08/1966,M,M,60000,0,Management,1,2,5053 Freedom Hill Circle,,806-555-0157,23/07/2019,23/07/2024
18107,302,Laura Liang,12/04/1971,M,F,60000,1,Professional,1,2,6828 Benedict Court,,723-555-0141,06/07/2019,06/07/2024
18114,383,Alexandria Foster,23/02/1972,S,F,70000,1,Skilled Manual,1,2,9174 Jill Ave,,792-555-0113,17/07/2019,17/07/2024
18153,124,Karen Gao,19/10/1966,M,F,100000,3,Management,1,4,Conesweg 807,,1 (11) 500 555-0186,05/07/2019,05/07/2024
18159,182,Jaime Serrano,24/09/1974,M,F,100000,4,Professional,1,3,"42, boulevard du Montparnasse",,1 (11) 500 555-0113,26/07/2019,26/07/2024
18341,312,Russell Goel,03/05/1996,S,M,40000,0,Skilled Manual,0,1,4427 Langford Court,,504-555-0121,15/07/2019,15/07/2024
18359,345,Alexandria Bryant,12/03/1999,S,F,60000,0,Skilled Manual,0,1,8817 Cynthia Drive,,142-555-0175,14/07/2019,14/07/2024
18367,14,Edwin Wu,25/10/1965,M,M,10000,1,Clerical,1,2,3906 El Dorado Way,,1 (11) 500 555-0171,19/07/2019,19/07/2024
18385,301,Miguel Gonzalez,19/06/1983,M,M,110000,2,Management,1,4,6702 Smiling Tree Court,,847-555-0142,17/07/2019,17/07/2024
18419,316,Rachel Johnson,17/12/1980,M,F,120000,3,Professional,1,4,8149 Olivera Road,,515-555-0111,19/07/2019,19/07/2024
18444,25,Shannon Chow,14/07/1967,S,F,20000,0,Skilled Manual,1,2,2715 Euclid Ave.,,1 (11) 500 555-0154,01/07/2019,01/07/2024
18472,633,Hannah Ross,04/06/1995,S,F,30000,0,Skilled Manual,1,2,7986 Southdale,,561-555-0115,07/07/2019,07/07/2024
18499,612,Darren Rodriguez,20/05/1994,S,M,60000,0,Professional,1,2,5414 Cambelback Place,,122-555-0199,21/07/2019,21/07/2024
18503,368,Timothy Peterson,16/05/1986,S,M,150000,0,Management,0,1,6837 Pirate Lane,,825-555-0169,28/07/2019,28/07/2024
18505,360,Carol Scott,04/11/1977,M,F,60000,0,Professional,0,2,1837 North Main St.,,380-555-0153,24/07/2019,24/07/2024
18507,360,Edward Baker,13/07/1977,M,M,60000,0,Professional,0,2,7439 Laguna Niguel,,309-555-0161,06/07/2019,06/07/2024
18529,602,Albert Castro,19/02/1981,S,M,40000,3,Skilled Manual,1,3,1083 W. Hookston Road,,322-555-0132,31/07/2019,31/07/2024
18535,49,Donald Kapoor,07/10/1963,S,M,60000,0,Management,1,2,1830 Tabora Drive,,274-555-0190,05/07/2019,28/07/2024
18555,374,Muniraju Pulipalyam,17/10/1990,M,F,60000,0,Professional,1,0,4606 Charming Court,,162-555-0173,11/07/2019,11/07/2024
18618,200,Mitchell Rai,20/11/1992,S,M,10000,0,Manual,0,2,"6, avenue des Laurentides",,1 (11) 500 555-0179,24/07/2019,24/07/2024
18668,542,Brian Sanders,17/05/1977,M,M,30000,0,Skilled Manual,0,2,3793 Apollo Way,,863-555-0178,27/07/2019,27/07/2024
18732,40,Zachary Jai,19/05/1952,M,M,30000,0,Clerical,0,2,5891 Madhatter Ln,,1 (11) 500 555-0171,30/07/2019,30/07/2024
18748,21,Gabrielle Stewart,21/12/1969,M,F,10000,1,Skilled Manual,1,2,3854 Galindo St.,,1 (11) 500 555-0134,17/07/2019,17/07/2024
18774,385,Justin Flores,19/06/1996,S,M,60000,0,Skilled Manual,0,1,6559 Via Rerrari,,191-555-0115,29/07/2019,29/07/2024
18797,634,Evan Murphy,24/03/1998,S,M,40000,0,Skilled Manual,0,1,6900 Bellord Ct.,,794-555-0159,24/07/2019,24/07/2024
18805,536,Tracy Simpson,21/06/1992,M,F,50000,1,Skilled Manual,1,0,7427 Fern Leaf Lane,,242-555-0116,30/07/2019,30/07/2024
18813,607,Kristy Hernandez,09/05/1983,S,F,90000,0,Professional,1,1,8732 Carob Way,,226-555-0181,23/07/2019,23/07/2024
18846,644,Deb Hughes,03/03/1956,S,M,60000,0,Management,1,2,2479 Buckingham Dr.,,723-555-0161,06/07/2019,06/07/2024
18870,536,Ana Barnes,03/08/1972,M,F,40000,0,Professional,0,2,7600 Tulip Drive,,228-555-0115,24/07/2019,24/07/2024
18891,298,Megan James,10/09/1997,M,F,40000,0,Skilled Manual,1,2,4912 La Vuelta,,677-555-0130,03/07/2019,03/07/2024
18920,355,Jonathan Young,19/05/1993,S,M,60000,0,Skilled Manual,0,2,2372 Cardinet Dr.,,192-555-0178,21/07/2019,21/07/2024
18939,385,Hunter McDonald,27/03/1977,S,M,70000,0,Skilled Manual,1,2,3224 Pome Court,,666-555-0142,25/07/2019,25/07/2024
18952,545,Chloe Hernandez,23/10/1985,M,F,100000,1,Management,1,4,2335 Elkwood Drive,,526-555-0167,16/07/2019,16/07/2024
18965,315,Richard Turner,16/10/1981,M,M,40000,3,Skilled Manual,1,3,3739 Donald Dr,,702-555-0179,22/07/2019,22/07/2024
18969,626,Anna Cox,12/07/1962,M,F,60000,0,Management,1,2,5 Edwards Ave.,,491-555-0113,16/07/2019,16/07/2024
19009,299,Arianna Watson,24/10/1970,M,F,60000,1,Professional,1,1,678 Acardia Pl,,180-555-0112,15/07/2019,15/07/2024
19043,161,Jessica Jones,10/06/1965,M,F,100000,3,Management,0,4,Wolfgangstraße 62,,1 (11) 500 555-0131,23/07/2019,23/07/2024
19059,252,George Rodriguez,25/02/1973,M,M,130000,5,Professional,1,2,526 Oak Street,,1 (11) 500 555-0123,17/07/2019,17/07/2024
19063,224,Gabrielle Kelly,23/11/1972,M,F,80000,1,Professional,1,2,"477, rue des Ecoles",,1 (11) 500 555-0194,21/07/2019,21/07/2024
19072,237,Tamara Lu,03/02/1969,M,F,150000,5,Management,1,4,8052 Weston Court,,1 (11) 500 555-0138,31/07/2019,31/07/2024
19226,299,Neil Carlson,22/10/1978,M,M,40000,0,Clerical,1,1,4496 Stroer Lane,,296-555-0176,26/07/2019,26/07/2024
19268,23,Alyssa Ward,11/11/1998,M,F,10000,0,Manual,0,1,5312 Riverwood Circle,,1 (11) 500 555-0196,18/07/2019,18/07/2024
19303,208,Sylvia Spencer,11/10/1971,M,M,10000,0,Manual,0,2,"52, rue Malar",,173-555-0100,14/07/2019,14/07/2024
19304,162,Sara Nelson,10/07/1973,S,F,10000,1,Manual,1,2,3524 Ruth Drive,,1 (11) 500 555-0175,17/07/2019,17/07/2024
19347,252,Alvin Zhao,04/09/1985,M,M,40000,0,Skilled Manual,1,0,1312 Garland Dr.,,1 (11) 500 555-0175,14/07/2019,14/07/2024
19377,121,Dominic Chandra,26/02/1996,S,M,30000,0,Clerical,0,1,Krönerweg 92,,1 (11) 500 555-0119,23/07/2019,23/07/2024
19469,196,Valerie Cai,14/02/1983,S,F,10000,2,Manual,1,2,"20, boulevard d´Albi",,1 (11) 500 555-0167,11/07/2019,11/07/2024
19486,241,Melanie Price,28/03/1985,M,F,40000,0,Skilled Manual,1,0,4855 Lavetta Way,,1 (11) 500 555-0196,19/07/2019,19/07/2024
19491,188,Stanley Prasad,14/06/1984,S,M,30000,2,Clerical,1,2,"2, route de Marseille",,1 (11) 500 555-0198,22/07/2019,22/07/2024
19651,12,Jarrod Perez,14/11/1959,M,M,40000,0,Management,1,2,8937 Two Bay Road,,1 (11) 500 555-0113,08/07/2019,08/07/2024
19711,545,Devin Cooper,25/11/1980,S,M,100000,2,Professional,0,4,4831 Via Del Sol,,976-555-0180,12/07/2019,12/07/2024
19752,12,Ebony Madan,26/09/1968,M,F,20000,0,Skilled Manual,1,2,7773 Hillcrest,,1 (11) 500 555-0189,24/07/2019,24/07/2024
19863,612,Paige Powell,13/09/1968,M,F,60000,1,Professional,1,1,3399 Climbing Dr,,868-555-0111,10/07/2019,10/07/2024
19872,49,Faith Foster,26/03/1970,M,F,40000,1,Skilled Manual,0,2,2076 Westover Dr,,201-555-0197,20/07/2019,20/07/2024
19885,609,Isaac Turner,22/09/1971,S,M,60000,1,Professional,1,2,6169 Delacy Ave.,,827-555-0120,01/07/2019,01/07/2024
19893,627,Evan Baker,22/02/1972,S,M,60000,1,Professional,1,2,9896 Ida Ave,,665-555-0181,31/07/2019,31/07/2024
19895,301,Ricky Jimenez,23/02/1972,M,M,60000,1,Professional,1,2,8211 Fremont Street,,291-555-0134,17/07/2019,17/07/2024
19915,149,Claudia McDonald,20/09/1964,M,F,100000,3,Management,1,4,Altendorfer Straße 99,,1 (11) 500 555-0123,20/07/2019,20/07/2024
19932,203,Javier Sanz,25/07/1972,S,M,80000,1,Professional,1,2,"22, rue Saint Denis",,1 (11) 500 555-0114,17/07/2019,17/07/2024
19937,133,Jimmy Gomez,20/12/1970,S,M,100000,4,Management,1,4,Postfach 20 99 99,,1 (11) 500 555-0143,07/07/2019,07/07/2024
19980,623,Alexandra Carter,03/08/1984,M,F,90000,5,Professional,1,3,"4212, rue Saint-Lazare",,894-555-0115,19/07/2019,19/07/2024
20126,368,Seth Carter,17/10/1991,M,M,60000,0,Skilled Manual,1,0,6630 Cook Pk.,,119-555-0147,12/07/2019,12/07/2024
20134,259,Franklin Zhao,09/01/1982,M,M,20000,0,Clerical,1,0,882 South St.,,1 (11) 500 555-0135,29/07/2019,29/07/2024
20136,277,Bonnie Kennedy,13/12/1981,M,F,10000,0,Manual,1,0,6158 May Way,,1 (11) 500 555-0198,07/07/2019,07/07/2024
20144,173,Roger Lin,23/06/1976,M,M,10000,0,Manual,1,0,Am Gallberg 35,,1 (11) 500 555-0131,01/07/2019,01/07/2024
20168,126,Jessie Serrano,03/08/1980,M,F,10000,1,Manual,1,1,Am Grossen Dern 4983,,1 (11) 500 555-0165,03/07/2019,03/07/2024
20169,175,Garrett Gray,25/09/1980,S,M,20000,1,Manual,0,0,Höhenstr 6466,,1 (11) 500 555-0122,28/07/2019,28/07/2024
20201,335,Chloe Harris,18/08/1979,M,F,70000,5,Professional,1,3,9301 Eureka Lane,,965-555-0114,31/07/2019,31/07/2024
20257,40,Roy Carlson,25/07/1984,S,M,70000,0,Professional,0,1,5377 Sahara Dr.,,1 (11) 500 555-0162,27/07/2019,27/07/2024
20275,542,Angela Kelly,06/01/2000,M,F,30000,0,Skilled Manual,0,2,463 Creekside Drive,,176-555-0150,16/07/2019,16/07/2024
20276,637,Haley Sanchez,26/09/2000,S,F,30000,0,Skilled Manual,1,2,517 South St.,,688-555-0130,08/07/2019,08/07/2024
20298,301,Edgar Arun,06/04/1987,S,M,150000,0,Management,0,0,1077 Willow Court,,102-555-0196,29/07/2019,29/07/2024
20309,7,Cristina Sharma,11/11/1964,M,F,10000,0,Skilled Manual,1,4,7709 Atchinson Stage Ct.,,1 (11) 500 555-0166,07/07/2019,07/07/2024
20330,65,Nathan Thomas,05/06/1982,M,M,80000,4,Professional,1,2,6439 Arlington Way,,122-555-0199,03/07/2019,03/07/2024
20365,609,Isaac Scott,27/07/1980,M,M,90000,3,Professional,1,2,5832 Horseshoe Circle,,523-555-0152,29/07/2019,29/07/2024
20393,326,Kaitlyn White,13/03/1960,S,F,80000,0,Management,1,2,6778 Edie Ct.,,493-555-0195,08/07/2019,08/07/2024
20404,29,Jorge Yang,10/08/1968,S,M,10000,1,Clerical,1,2,2198 Clayton Road,,1 (11) 500 555-0166,14/07/2019,14/07/2024
20428,4,Brent Ma,04/07/1973,M,M,40000,0,Skilled Manual,0,2,4647 Maywood Lane,,1 (11) 500 555-0128,20/07/2019,20/07/2024
20455,37,Bruce Blanco,05/12/1978,M,M,110000,1,Management,1,4,5430 Moretti Dr.,,1 (11) 500 555-0147,22/07/2019,22/07/2024
20466,352,Benjamin Jai,04/02/1977,M,M,90000,0,Professional,1,1,2894 Foothill Way,,674-555-0185,23/07/2019,23/07/2024
20473,536,Mason Rivera,03/04/1985,M,M,90000,5,Professional,1,3,1848 Wharf Dr.,,949-555-0164,29/07/2019,29/07/2024
20490,339,Kaylee Roberts,02/04/1963,M,F,60000,0,Management,1,2,521 Hermosa,,991-555-0135,02/07/2019,02/07/2024
20491,616,Dakota Perry,11/01/1963,M,M,70000,0,Management,1,2,6751 Del Rio Ln.,,126-555-0158,08/07/2019,08/07/2024
20499,50,Christian Robinson,24/12/1964,S,M,40000,0,Professional,1,2,4261 Roseann Drive,,595-555-0183,14/07/2019,14/07/2024
20508,66,Logan Robinson,07/10/1965,S,M,70000,0,Management,1,2,417 Mt. Alpine Pl.,,670-555-0121,03/07/2019,03/07/2024
20510,543,Caitlin Cox,08/11/1966,M,F,60000,0,Management,0,2,4696 Silver Oaks Place,,448-555-0153,14/07/2019,14/07/2024
20551,245,Daisy Blanco,08/05/1977,M,F,150000,3,Professional,1,4,5018 Rio Blanco Dr.,,1 (11) 500 555-0113,28/07/2019,28/07/2024
20601,7,Carrie Munoz,08/04/1996,M,F,70000,0,Professional,1,3,5558 Kaitlin Pl.,,1 (11) 500 555-0120,31/07/2019,31/07/2024
20688,616,Steven Ramirez,11/09/1985,M,M,50000,3,Skilled Manual,1,1,5046 Queens Road,,677-555-0129,20/07/2019,20/07/2024
20737,359,Victoria Griffin,03/07/1949,M,F,20000,0,Clerical,0,2,764 Nahua,,360-555-0122,24/07/2019,24/07/2024
20757,553,Alexia Powell,17/06/1976,M,F,30000,0,Skilled Manual,0,2,2120 Mark Twain Dr,,402-555-0181,04/07/2019,04/07/2024
20772,385,Samantha Garcia,08/04/1978,S,F,80000,0,Skilled Manual,1,0,3155 Meadowbrook Court,,172-555-0168,20/07/2019,20/07/2024
20775,611,Bruce Alonso,24/06/1979,M,M,40000,0,Clerical,1,1,4867 Rosebuck Way,,993-555-0149,15/07/2019,15/07/2024
20777,536,Carly Sharma,08/10/1979,M,F,60000,0,Skilled Manual,1,0,3503 Springwood Way,,197-555-0167,12/07/2019,12/07/2024
20784,301,Eduardo Walker,21/02/1979,M,M,60000,0,Skilled Manual,1,0,6379 Yellowood Place,,603-555-0129,26/07/2019,26/07/2024
20788,302,Sara Gonzalez,16/07/1993,S,F,40000,0,Skilled Manual,1,0,4413 Harvard Drive,,839-555-0173,16/07/2019,16/07/2024
20799,119,Peter Raje,24/08/1978,M,M,20000,0,Clerical,1,0,Alderweg 4849,,1 (11) 500 555-0175,06/07/2019,06/07/2024
20813,17,Michael Rothkugel,12/04/1999,M,M,10000,0,Manual,1,1,3552 Mildred Ln.,,358-555-0100,16/07/2019,16/07/2024
20899,189,Angela Cook,06/11/1985,S,F,10000,3,Manual,1,2,"12, avenue des Laurentides",,1 (11) 500 555-0122,22/07/2019,22/07/2024
20902,271,Shane Subram,06/12/1985,M,M,30000,1,Skilled Manual,1,2,5682 Leslie Avenue,,1 (11) 500 555-0131,18/07/2019,18/07/2024
20904,231,Ebony Gomez,18/09/1985,M,F,30000,1,Skilled Manual,1,2,9090 Cristobal,,1 (11) 500 555-0194,03/07/2019,03/07/2024
20919,187,Gretchen Rivas,23/03/1984,S,F,30000,2,Clerical,1,2,"103, rue de Fontfroide",,1 (11) 500 555-0152,11/07/2019,11/07/2024
20920,187,Jaclyn Rai,24/06/1984,S,F,30000,2,Clerical,1,2,"599, rue Jean Mermoz",,1 (11) 500 555-0194,16/07/2019,16/07/2024
20938,260,Carolyn Rowe,23/08/1997,S,F,30000,0,Clerical,0,1,8074 Corte Valencia,,1 (11) 500 555-0145,11/07/2019,11/07/2024
20947,245,Marie Alvarez,08/06/1996,S,F,30000,0,Clerical,1,1,1504 Conifer Court,,1 (11) 500 555-0115,28/07/2019,28/07/2024
21066,274,Ebony Arun,10/04/1986,M,F,30000,1,Skilled Manual,1,2,1514 West M Street,,1 (11) 500 555-0141,20/07/2019,20/07/2024
21080,209,Ebony Lopez,19/07/1984,M,F,30000,1,Skilled Manual,1,2,"1, rue de la Centenaire",,1 (11) 500 555-0183,13/07/2019,13/07/2024
21083,260,Trisha Chen,20/12/1983,S,F,20000,3,Manual,1,2,9093 Gilardy Dr.,,1 (11) 500 555-0156,24/07/2019,24/07/2024
21085,174,Leslie Vazquez,16/11/1953,M,F,20000,0,Manual,1,1,Klara Straße 2464,,1 (11) 500 555-0184,12/07/2019,12/07/2024
21113,200,Laura Cai,10/07/1997,S,F,30000,0,Clerical,1,1,"8, rue des Vendangeurs",,1 (11) 500 555-0163,05/07/2019,05/07/2024
21163,298,William Williams,05/06/1978,M,M,70000,4,Professional,1,1,636 Marina Village Pkwy.,,140-555-0163,31/07/2019,31/07/2024
21185,16,Gilbert Jai,25/04/1988,M,M,80000,5,Professional,1,4,1509 Orangewood Ave.,,1 (11) 500 555-0158,03/07/2019,03/07/2024
21278,536,Julia King,20/04/1998,S,F,40000,0,Clerical,0,2,833 Sepueveda Court,,675-555-0156,02/07/2019,02/07/2024
21296,607,Luis Hall,24/11/1981,M,M,80000,4,Professional,0,3,3365 Wintergreen Court,,432-555-0152,19/07/2019,19/07/2024
21301,539,Sierra Gonzalez,09/09/1975,S,F,80000,0,Skilled Manual,0,2,1850 Lancelot Drive,,919-555-0163,22/07/2019,22/07/2024
21341,311,Louis Liu,16/09/1958,M,M,60000,0,Management,1,2,8024 Azores Court,,493-555-0141,10/07/2019,10/07/2024
21347,49,Alisha Raji,12/04/1959,S,F,60000,0,Management,1,2,912 Fremont St.,,771-555-0191,31/07/2019,31/07/2024
21362,39,Angel Evans,20/09/1967,M,M,30000,0,Clerical,0,2,1524 Reva Dr.,,1 (11) 500 555-0169,22/07/2019,22/07/2024
21364,54,Charles Gray,09/04/1997,S,M,40000,0,Clerical,0,2,5948 Seeno St.,,681-555-0140,29/07/2019,29/07/2024
21395,609,Alexia Hughes,20/11/1995,M,F,40000,0,Skilled Manual,1,2,2934 Pine Creek Way,,952-555-0171,08/07/2019,08/07/2024
21441,60,Edward Nelson,14/08/1962,M,M,50000,0,Management,1,2,1631 Via Cordona,,262-555-0173,16/07/2019,16/07/2024
21523,175,Timothy Green,25/08/1966,M,M,120000,5,Management,1,0,Altendorfer Straße 461,,1 (11) 500 555-0144,31/07/2019,31/07/2024
21524,265,Faith Wood,11/02/1973,S,F,80000,2,Professional,1,1,7591 Signal Court,,1 (11) 500 555-0189,31/07/2019,31/07/2024
21531,223,Kari Vance,10/02/1973,M,F,100000,4,Management,1,4,"33, place de la République",,1 (11) 500 555-0146,25/07/2019,25/07/2024
21617,539,Jennifer Miller,27/02/1986,S,F,60000,0,Professional,0,0,2028 Mendocino Drive,,414-555-0153,23/07/2019,23/07/2024
21675,202,Adriana Rana,10/02/1991,S,F,10000,0,Manual,0,2,"27, place Beaubernard",,1 (11) 500 555-0117,18/07/2019,18/07/2024
21696,614,Gabrielle Watson,14/05/1973,M,F,10000,1,Manual,0,2,7682 Fern Leaf Lane,,746-555-0185,01/07/2019,01/07/2024
21714,612,Carmen Patel,09/09/1978,S,F,80000,0,Skilled Manual,0,0,6490 Haviland Place,,505-555-0130,05/07/2019,05/07/2024
21717,374,Angel King,13/07/1979,M,M,40000,0,Clerical,1,1,2147 N. 66th Street,,344-555-0174,31/07/2019,31/07/2024
21734,337,Grace Garcia,02/08/1991,M,F,60000,0,Skilled Manual,1,0,4421 Alderwood Lane,,824-555-0118,09/07/2019,09/07/2024
21740,273,Taylor Walker,26/10/1982,M,F,20000,0,Clerical,1,0,3274 Corrinne Court,,1 (11) 500 555-0184,17/07/2019,17/07/2024
21757,623,Elijah Wang,12/09/1963,M,M,80000,0,Management,1,2,7614 Inez Ave,,922-555-0134,26/07/2019,26/07/2024
21825,140,Randy Zhou,19/11/1975,M,M,110000,4,Professional,1,4,Krönerweg 9796,,1 (11) 500 555-0156,01/07/2019,01/07/2024
21832,188,Pedro Gill,27/04/1964,M,M,80000,0,Management,1,2,"8482, rue des Grands Champs",,1 (11) 500 555-0198,18/07/2019,18/07/2024
21837,131,Megan Alexander,24/07/1965,M,F,80000,0,Professional,0,2,Auf dem Ufer 224,,1 (11) 500 555-0110,07/07/2019,07/07/2024
21901,542,Elizabeth Taylor,24/05/1984,M,F,90000,5,Professional,1,3,2680 Corte Del Sol,,439-555-0176,05/07/2019,05/07/2024
21925,49,Tabitha Dominguez,02/08/1980,S,F,40000,0,Professional,0,1,8108 Abbey Court,,286-555-0119,04/07/2019,04/07/2024
21935,644,Victoria Simmons,28/07/1979,M,F,60000,3,Professional,0,0,845 Olive Ave,,992-555-0163,05/07/2019,05/07/2024
21954,31,Yolanda Andersen,24/05/1987,S,F,70000,5,Professional,1,3,2368 Olivera Rd,,1 (11) 500 555-0163,03/07/2019,03/07/2024
21991,37,Teresa Gill,14/07/1985,M,F,80000,5,Professional,0,4,5139 The Trees Dr,,1 (11) 500 555-0164,25/07/2019,25/07/2024
22057,648,Kyle Ross,13/02/1999,S,M,40000,0,Skilled Manual,1,2,313 Park Highlands,,102-555-0176,14/07/2019,14/07/2024
22063,7,Joanna Suarez,02/10/1965,M,F,10000,1,Clerical,1,2,4906 Vine Hill Way,,1 (11) 500 555-0193,18/07/2019,18/07/2024
22105,335,Taylor Cooper,23/03/1980,M,F,120000,4,Professional,1,2,8291 Crossbow Way,,780-555-0156,04/07/2019,04/07/2024
22149,31,Gregory Shen,15/09/1967,M,M,20000,0,Skilled Manual,1,2,9995 All Ways Drive,,1 (11) 500 555-0135,02/07/2019,02/07/2024
22187,539,Hannah Russell,24/06/1994,S,F,50000,0,Skilled Manual,1,2,6318 Merriewood Dr.,,718-555-0129,04/07/2019,04/07/2024
22217,59,Dylan Powell,18/12/1977,M,M,70000,0,Skilled Manual,0,2,8236 Almond Avenue,,540-555-0189,20/07/2019,20/07/2024
22263,623,Patrick Blue,27/05/1986,M,M,60000,3,Skilled Manual,1,0,8939 Monzeneda Way,,688-555-0112,25/07/2019,25/07/2024
22277,632,Arianna Torres,25/07/1985,S,F,40000,0,Professional,0,1,4046 Maywood Lane,,714-555-0177,28/07/2019,28/07/2024
22305,248,Anne Carlson,21/11/1992,S,F,20000,0,Manual,0,2,1097 Kulani Lane,,1 (11) 500 555-0143,08/07/2019,08/07/2024
22331,307,Michele Yuan,20/09/1949,M,F,20000,0,Clerical,0,2,8074 Oakmead,,598-555-0156,18/07/2019,18/07/2024
22341,542,Tristan Washington,16/11/1973,M,M,20000,0,Manual,0,2,5159 Amanda Circle,,194-555-0163,30/07/2019,30/07/2024
22356,325,Charles Ward,26/02/1977,M,M,30000,0,Skilled Manual,1,2,4779 Scenic Dr.,,460-555-0140,29/07/2019,29/07/2024
22357,316,Justin Lal,20/01/1977,M,M,30000,0,Skilled Manual,1,2,4169 Deercreek Ln,,173-555-0176,17/07/2019,17/07/2024
22382,250,Bethany Xu,26/11/1982,S,F,20000,0,Clerical,1,0,539 Rolling Green Circle,,1 (11) 500 555-0114,12/07/2019,12/07/2024
22389,121,Edwin Luo,15/09/1977,M,M,20000,0,Clerical,1,0,Waldstr 992,,1 (11) 500 555-0192,15/07/2019,15/07/2024
22394,222,Meagan Suri,06/06/1957,S,F,20000,0,Clerical,0,0,"2, rue Villedo",,1 (11) 500 555-0187,28/07/2019,28/07/2024
22482,131,Cassidy Jenkins,16/09/1985,S,F,10000,3,Manual,1,2,Zeiter Weg 9963,,1 (11) 500 555-0189,11/07/2019,11/07/2024
22493,170,Dwayne Sanz,21/01/1984,S,M,20000,3,Manual,1,0,Kappellweg 675,,1 (11) 500 555-0132,27/07/2019,27/07/2024
22514,160,Marvin Johnsen,03/09/1997,S,M,20000,0,Manual,1,1,Buergermeister-ulrich-str 75,,1 (11) 500 555-0129,17/07/2019,17/07/2024
22521,131,Christina Rivera,18/09/1982,S,F,30000,0,Clerical,1,1,Lieblingsweg 345,,1 (11) 500 555-0172,05/07/2019,05/07/2024
22538,224,Bianca Wang,10/01/1993,S,F,10000,0,Manual,1,2,3230 Hamilton Ave,,1 (11) 500 555-0173,27/07/2019,27/07/2024
22548,358,Angela Brooks,02/10/1991,M,F,70000,0,Skilled Manual,1,0,1821 Mt. Hood Circle,,142-555-0138,05/07/2019,05/07/2024
22624,189,Sandra Wu,18/10/1971,M,F,10000,0,Manual,0,2,"70, place de la République",,1 (11) 500 555-0167,05/07/2019,05/07/2024
22660,155,Monica Lopez,16/07/1984,S,F,20000,2,Manual,0,2,Postfach 11 05 00,,1 (11) 500 555-0183,16/07/2019,16/07/2024
22682,226,Willie Luo,26/11/1983,S,M,30000,2,Clerical,0,2,"76, rue de Berri",,1 (11) 500 555-0143,20/07/2019,20/07/2024
22703,211,Melvin Raji,08/07/1996,S,M,20000,0,Manual,0,1,"211, quai de Grenelle",,1 (11) 500 555-0117,10/07/2019,10/07/2024
22706,132,Andy Ruth,26/04/1996,S,F,30000,0,Clerical,1,1,Kurfürstenstr 5444,,856-555-0100,19/07/2019,19/07/2024
22757,339,Savannah Peterson,04/05/1967,M,F,70000,1,Professional,1,1,4393 Rossmor Parkway,,256-555-0121,19/07/2019,19/07/2024
22771,69,Mason King,27/11/1970,M,M,40000,1,Skilled Manual,0,2,3220 Liscome Way,,337-555-0159,11/07/2019,11/07/2024
22779,299,Lance Ruiz,12/12/1971,M,M,60000,1,Professional,1,2,8609 Eagle Ct,,674-555-0195,17/07/2019,17/07/2024
22781,352,Hunter Powell,22/06/1971,M,M,70000,2,Professional,1,1,6601 Browse Ct,,516-555-0191,10/07/2019,10/07/2024
22802,118,Ann Van,24/03/1975,S,F,120000,4,Professional,1,4,Erftplatz 727,,1 (11) 500 555-0117,24/07/2019,24/07/2024
22807,254,Cindy Garcia,09/04/1964,M,F,130000,4,Management,1,4,1775 Chocolate Court,,1 (11) 500 555-0178,15/07/2019,15/07/2024
22809,166,Martin Sara,15/06/1965,M,M,80000,0,Professional,1,2,Winter der Böck 8559,,1 (11) 500 555-0189,02/07/2019,02/07/2024
22820,190,Alex Nelson,13/11/1974,M,M,100000,4,Professional,1,3,"54, route de Marseille",,1 (11) 500 555-0161,28/07/2019,28/07/2024
22858,8,Deborah Tang,16/08/1992,M,F,130000,5,Management,1,4,6049 Flora Ave,,1 (11) 500 555-0146,19/07/2019,19/07/2024
22969,55,Taylor Martin,27/09/1995,S,F,40000,0,Skilled Manual,0,2,1040 Greenbush Drive,,918-555-0185,11/07/2019,11/07/2024
22978,17,Devon Jai,26/10/1958,M,M,40000,0,Management,1,2,1299 Band Court,,1 (11) 500 555-0173,03/07/2019,03/07/2024
23000,542,Victoria Henderson,12/06/1987,M,F,110000,1,Management,1,1,6358 Parkview Court,,848-555-0182,16/07/2019,16/07/2024
23020,623,Hannah Jones,22/04/1983,M,F,90000,0,Professional,1,1,282 Iowa Drive,,418-555-0133,07/07/2019,07/07/2024
23037,637,Lucas Wood,21/06/1975,S,M,80000,0,Skilled Manual,1,2,6654 Folson Drive,,826-555-0195,24/07/2019,24/07/2024
23093,359,Nathan Parker,07/03/1997,M,M,70000,0,Skilled Manual,1,2,6270 Pinecreek Way,,313-555-0165,09/07/2019,09/07/2024
23124,536,Cameron Wang,15/01/1993,S,M,80000,0,Management,0,1,6730 Green Leaf Drive,,602-555-0169,16/07/2019,16/07/2024
23182,316,Savannah Rivera,26/08/1986,M,F,60000,0,Professional,0,0,5689 Greenwood Place,,804-555-0112,12/07/2019,12/07/2024
23243,548,Jasmine Rogers,20/10/1950,M,F,40000,0,Skilled Manual,1,1,6441 Roberta Avenue,,226-555-0120,07/07/2019,07/07/2024
23273,642,Benjamin Long,06/06/1977,M,M,30000,0,Skilled Manual,1,2,1185 Laguna St,,255-555-0162,30/07/2019,30/07/2024
23285,611,Latoya Luo,05/09/1978,S,F,80000,0,Skilled Manual,0,0,1276 Carlisle Way,,835-555-0145,20/07/2019,20/07/2024
23290,49,Angelica Bennett,06/05/1979,M,F,60000,0,Skilled Manual,1,0,5578 Burning Barn Dr,,868-555-0191,14/07/2019,14/07/2024
23291,545,Timothy Evans,20/12/1979,M,M,60000,0,Skilled Manual,1,0,323 Choctaw Court,,639-555-0117,25/07/2019,25/07/2024
23350,43,Natalie Thomas,20/10/1993,S,F,80000,0,Management,1,1,6568 Damascus Loop,,401-555-0159,06/07/2019,06/07/2024
23361,301,Chloe Lopez,18/07/1978,S,F,130000,1,Management,0,4,8654 Lindell Dr.,,776-555-0191,19/07/2019,19/07/2024
23363,70,David Russell,17/11/1977,M,M,70000,0,Skilled Manual,1,2,7628 Beech Ct,,883-555-0177,09/07/2019,09/07/2024
23381,607,Bianca Hu,11/07/1981,M,F,40000,3,Skilled Manual,1,3,2928 Antone Court,,609-555-0188,31/07/2019,31/07/2024
23447,119,Jermaine Weber,14/04/1994,S,M,30000,0,Clerical,0,1,Knaackstr 442,,1 (11) 500 555-0178,10/07/2019,10/07/2024
23461,536,Rachael Smith,23/10/1985,M,F,90000,5,Professional,1,3,3494 Jamie Way,,360-555-0110,10/07/2019,10/07/2024
23467,633,Nicole Bennett,06/03/1984,S,F,90000,0,Professional,0,1,6441 Via Santa Fe,,164-555-0145,21/07/2019,21/07/2024
23485,53,Isabella Lee,09/02/1982,M,F,80000,4,Professional,1,2,1015 Lynwood Drive,,522-555-0110,02/07/2019,02/07/2024
23530,4,Ivan Prasad,06/02/1986,S,M,100000,0,Professional,0,1,8587 Glenside Ct.,,1 (11) 500 555-0142,08/07/2019,08/07/2024
23590,331,Austin Brown,10/01/1987,S,M,120000,0,Management,0,3,684 Marsh Creek Rd.,,849-555-0178,08/07/2019,08/07/2024
23610,221,Cory Perez,23/10/1964,M,M,70000,1,Professional,1,2,"4, rue Saint-Lazare",,1 (11) 500 555-0180,24/07/2019,24/07/2024
23631,179,Colin Wang,05/03/1969,S,M,80000,1,Management,0,3,"663, rue de Longchamp",,1 (11) 500 555-0182,22/07/2019,22/07/2024
23642,17,Anne Gutierrez,18/07/1995,M,F,70000,0,Professional,0,3,3376 Bynum Way,,1 (11) 500 555-0194,21/07/2019,21/07/2024
23684,326,Jasmine Rodriguez,04/01/1962,S,F,50000,0,Management,1,2,2803 E. Cypress Rd.,,147-555-0187,26/07/2019,26/07/2024
23702,312,Eduardo James,04/08/1966,M,M,40000,0,Professional,1,3,9781 Bermad Dr.,,836-555-0168,25/07/2019,25/07/2024
23719,63,Marcus James,27/02/1969,M,M,40000,1,Skilled Manual,1,2,1318 Ramer Ct.,,149-555-0163,16/07/2019,16/07/2024
23767,269,Arianna Bennett,26/07/1991,S,F,10000,0,Manual,0,2,3228 Pembroke Dr,,1 (11) 500 555-0151,20/07/2019,20/07/2024
23768,267,Joshua Garcia,27/07/1991,S,M,10000,0,Manual,1,2,9943 Stonehedge Dr.,,1 (11) 500 555-0187,04/07/2019,04/07/2024
23913,207,Riley Cooper,12/05/1985,S,F,20000,2,Manual,1,2,"611bis, rue des Peupliers",,1 (11) 500 555-0174,02/07/2019,02/07/2024
23931,186,Reginald Ruiz,02/06/1983,M,M,30000,2,Clerical,1,2,"408, rue Montcalm",,1 (11) 500 555-0186,25/07/2019,25/07/2024
23934,180,Bonnie Andersen,16/04/1998,S,F,20000,0,Manual,0,1,"27, rue de la Comédie",,1 (11) 500 555-0118,28/07/2019,28/07/2024
23978,268,Philip Ortega,13/09/1977,M,M,10000,0,Manual,0,0,5684 Fitzuren,,1 (11) 500 555-0155,08/07/2019,08/07/2024
24042,160,Zachary White,27/09/1988,M,M,10000,2,Manual,1,1,Conesweg 72,,1 (11) 500 555-0167,08/07/2019,08/07/2024
24097,140,Francisco Fernandez,02/05/1954,M,M,30000,0,Skilled Manual,1,1,Postfach 98 01 09,,1 (11) 500 555-0149,03/07/2019,03/07/2024
24118,217,Donna Chande,16/03/1997,M,F,30000,0,Clerical,0,1,"34, rue Lauriston",,1 (11) 500 555-0167,28/07/2019,28/07/2024
24124,222,Erik Vazquez,04/05/1996,S,M,20000,0,Manual,0,1,"10, route de Marseille",,1 (11) 500 555-0118,01/07/2019,01/07/2024
24131,225,Felicia Rubio,01/06/1994,M,F,20000,0,Manual,0,2,"26, place de la Concorde",,1 (11) 500 555-0120,28/07/2019,28/07/2024
24145,275,Cheryl Serrano,20/01/1982,S,F,20000,0,Clerical,1,0,6614 College Blvd,,1 (11) 500 555-0126,05/07/2019,05/07/2024
24185,223,Tara She,25/11/1980,S,F,10000,1,Manual,0,1,Attaché de Presse,,1 (11) 500 555-0115,08/07/2019,08/07/2024
24255,49,Chloe Lee,12/09/1997,S,F,40000,0,Clerical,0,2,9342 Temple Drive,,769-555-0122,02/07/2019,02/07/2024
24259,611,Gavin Price,03/08/1997,S,M,40000,0,Professional,1,2,3168 Limewood Pl.,,977-555-0116,11/07/2019,11/07/2024
24279,26,Angel Nelson,16/11/1973,S,M,40000,0,Skilled Manual,0,2,6343 St. Paul Way,,1 (11) 500 555-0132,15/07/2019,15/07/2024
24306,16,Molly Chandra,08/04/1979,M,F,100000,1,Management,1,3,250 Geary Ct.,,1 (11) 500 555-0119,29/07/2019,29/07/2024
24363,4,Amanda Coleman,26/01/1990,M,F,80000,4,Management,0,1,9752 Monterrey,,1 (11) 500 555-0178,25/07/2019,25/07/2024
24374,15,Eugene Ma,13/10/1985,S,M,60000,3,Professional,0,1,1500 Polk Street,,1 (11) 500 555-0175,30/07/2019,30/07/2024
24438,626,Xavier Robinson,11/10/1972,M,M,40000,0,Professional,1,2,6594 Glen Wood Drive,,782-555-0117,19/07/2019,19/07/2024
24443,307,Edgar Suri,27/08/1971,M,M,40000,0,Professional,1,2,2430 Santa Lucia,,370-555-0153,09/07/2019,09/07/2024
24479,7,Desirée Moreno,03/02/1981,S,F,70000,4,Skilled Manual,1,2,9584 Logan Ct,,1 (11) 500 555-0151,20/07/2019,20/07/2024
24495,25,Kellie Ortega,14/02/1957,S,F,30000,0,Clerical,0,2,9214 Birch Park Rd,,1 (11) 500 555-0123,17/07/2019,17/07/2024
24517,314,Brandon Harris,25/06/1994,S,M,50000,0,Skilled Manual,0,1,6369 Condor Place,,347-555-0181,01/07/2019,01/07/2024
24533,237,Blake Long,27/08/1978,S,M,130000,4,Professional,0,0,1761 Holbrook Dr.,,1 (11) 500 555-0178,02/07/2019,02/07/2024
24593,18,Destiny Watson,06/09/1994,M,F,70000,0,Professional,0,4,7525 Sutcliffe Pl.,,1 (11) 500 555-0144,22/07/2019,22/07/2024
24623,609,Beth Torres,18/03/1958,M,F,60000,0,Management,1,2,9746 Gilardy Drive,,402-555-0128,16/07/2019,16/07/2024
24635,361,Gabrielle Rogers,14/10/1960,S,F,60000,0,Management,1,2,2012 Melody Dr,,954-555-0118,28/07/2019,28/07/2024
24663,49,Ebony Fernandez,18/02/1968,S,F,40000,1,Professional,1,2,6228 Palm Avenue,,454-555-0184,08/07/2019,08/07/2024
24667,637,Chloe Diaz,24/06/1968,S,F,60000,1,Professional,1,1,6062 Sudan Loop,,699-555-0199,11/07/2019,11/07/2024
24672,642,Jeremy Cook,14/10/1969,M,M,60000,1,Professional,1,2,9875 W. Holly Dr.,,758-555-0148,30/07/2019,30/07/2024
24686,359,Melissa Murphy,18/07/1972,S,F,70000,1,Skilled Manual,1,2,3605 Haynes Court,,797-555-0173,26/07/2019,26/07/2024
24704,172,Allen Schmidt,13/03/1992,M,M,20000,0,Manual,1,2,Galeriestr 67,,1 (11) 500 555-0118,31/07/2019,31/07/2024
24714,237,Whitney Rodriguez,25/09/1991,S,F,20000,0,Manual,1,2,2513 Buskirk Avenue,,1 (11) 500 555-0190,23/07/2019,23/07/2024
24747,300,Dakota Powell,25/08/1977,S,M,20000,1,Clerical,1,2,7738 Thunderbird Dr.,,842-555-0184,16/07/2019,16/07/2024
24775,310,Alexandra Alexander,27/12/1991,M,F,70000,0,Skilled Manual,1,0,9531 Harrison Street,,588-555-0133,30/07/2019,30/07/2024
24823,310,Vincent Zhao,17/08/1989,M,M,70000,5,Professional,1,3,1105 Meadowbrook Drive,,262-555-0132,21/07/2019,21/07/2024
24848,163,Jeffery Zhou,26/05/1965,M,M,70000,1,Professional,1,3,Kappellweg 367,,1 (11) 500 555-0123,16/07/2019,16/07/2024
24859,245,Cesar Arun,26/09/1974,S,M,130000,5,Professional,0,0,9120 Springfield Drive,,1 (11) 500 555-0118,28/07/2019,28/07/2024
24877,222,Mandy Zhao,05/06/1968,M,F,80000,1,Management,1,4,"65, rue Faubourg St Antoine",,1 (11) 500 555-0147,05/07/2019,05/07/2024
24885,36,Corey Xie,02/11/1995,S,M,60000,0,Professional,1,3,6277 Greenview Court,,1 (11) 500 555-0178,14/07/2019,14/07/2024
24964,614,Samantha Anderson,20/07/1967,M,F,40000,1,Professional,0,2,6359 Jill Ave.,,210-555-0164,20/07/2019,20/07/2024
24967,51,Jasmine Reed,18/02/1968,S,F,40000,1,Professional,1,2,6228 Palm Avenue,,359-555-0189,02/07/2019,02/07/2024
25004,611,Samuel Thomas,14/02/1998,S,M,30000,0,Skilled Manual,0,1,2599 Vine Hill Way,,779-555-0176,24/07/2019,24/07/2024
25027,9,Meredith Mehta,15/01/1973,M,F,40000,0,Skilled Manual,0,2,3756 Lime Ridge Drive,,1 (11) 500 555-0111,10/07/2019,10/07/2024
25028,10,Brenda Gonzalez,26/03/1973,M,F,40000,0,Skilled Manual,1,2,2102 W. 8th St.,,1 (11) 500 555-0172,09/07/2019,09/07/2024
25066,62,Charles Robinson,20/05/1977,S,M,70000,0,Skilled Manual,0,2,5068 N Francisco Way,,826-555-0121,29/07/2019,29/07/2024
25071,339,Natalie Brooks,18/02/1984,M,F,60000,5,Skilled Manual,1,3,2305 Glaze Drive,,568-555-0151,15/07/2019,15/07/2024
25101,57,Wyatt Baker,21/04/1979,M,M,60000,4,Professional,1,1,2230 May Way,,234-555-0183,05/07/2019,05/07/2024
25117,7,Mindy Shan,02/04/1988,M,F,70000,5,Professional,0,3,1306 B St.,,1 (11) 500 555-0122,02/07/2019,02/07/2024
25137,27,Nina Raje,01/08/1988,M,F,80000,5,Professional,1,4,6237 El Rancho Dr.,,1 (11) 500 555-0150,24/07/2019,24/07/2024
25177,49,Alberto Gomez,16/09/1981,M,M,70000,4,Professional,1,3,4823 Park Blvd.,,837-555-0140,28/07/2019,28/07/2024
25178,614,Jasmine Kelly,21/04/1981,M,F,80000,4,Professional,1,3,6833 Filomena,,366-555-0155,08/07/2019,08/07/2024
25187,546,Sydney Scott,15/08/1955,M,F,50000,0,Management,1,2,5601 Garrow Drive,,895-555-0191,24/07/2019,24/07/2024
25189,611,Aidan Hayes,14/04/1956,M,M,50000,0,Management,1,2,1584 S. Forest Hill,,744-555-0145,04/07/2019,04/07/2024
25232,22,Kellie Blanco,13/03/1979,M,F,100000,0,Professional,1,1,2973 Cardinet Drive,,1 (11) 500 555-0137,26/07/2019,26/07/2024
25237,26,Roger Sun,18/06/1982,M,M,70000,4,Skilled Manual,1,2,7236 Tanager Circle,,1 (11) 500 555-0165,20/07/2019,20/07/2024
25282,312,Gabriel Perez,10/01/1994,S,M,50000,0,Skilled Manual,0,1,1349 Sol St.,,567-555-0195,11/07/2019,11/07/2024
25295,35,Chad Raje,01/09/1989,M,M,130000,5,Management,1,4,1660 Bonifacio St.,,1 (11) 500 555-0169,17/07/2019,17/07/2024
25296,208,Christina Stewart,05/01/1977,M,F,100000,3,Professional,1,4,"29, avenue de la Gare",,1 (11) 500 555-0193,23/07/2019,23/07/2024
25330,372,Madison Gonzales,21/09/1949,M,F,40000,0,Skilled Manual,1,1,3967 Arlington Way,,736-555-0141,01/07/2019,01/07/2024
25346,631,Ian Gonzalez,12/08/1976,S,M,20000,0,Clerical,1,2,1901 Delaware Drive,,364-555-0127,14/07/2019,14/07/2024
25367,64,Abigail Torres,06/08/1979,M,F,40000,0,Clerical,0,1,682 Ambush Dr..,,540-555-0193,01/07/2019,01/07/2024
25375,372,Carson Flores,21/03/1992,M,M,50000,0,Skilled Manual,1,0,8641 B Southampton Rd.,,148-555-0177,25/07/2019,25/07/2024
25456,220,Kelvin Cai,22/01/1986,M,M,10000,4,Manual,1,2,"118, rue Faubourg St Antoine",,1 (11) 500 555-0112,14/07/2019,14/07/2024
25483,192,Dennis Ma,03/02/1954,S,M,20000,0,Clerical,0,1,"22, rue Philibert-Delorme",,1 (11) 500 555-0168,15/07/2019,15/07/2024
25536,177,Rebekah Sai,26/10/1956,S,F,20000,0,Clerical,1,0,Winter der Böck 8441,,1 (11) 500 555-0165,17/07/2019,17/07/2024
25544,263,Sergio Fernandez,25/12/1976,S,M,20000,0,Clerical,0,0,8288 Serpentine,,1 (11) 500 555-0194,17/07/2019,17/07/2024
25570,197,Robyn Torres,17/05/1963,S,F,20000,0,Manual,1,0,"343, rue de Terre Neuve",,1 (11) 500 555-0123,04/07/2019,04/07/2024
25654,193,Carla Malhotra,03/04/1999,M,F,20000,4,Manual,1,2,"8, rue de la Comédie",,1 (11) 500 555-0188,20/07/2019,20/07/2024
25678,145,Erica Yang,03/11/1994,S,F,20000,0,Manual,0,2,Auf Der Steige 2,,1 (11) 500 555-0138,22/07/2019,22/07/2024
25763,611,Hannah Johnson,03/11/1988,M,F,90000,4,Skilled Manual,1,3,2672 Black Walnut,,283-555-0135,22/07/2019,22/07/2024
25785,236,Jackson Edwards,15/08/1974,S,M,90000,2,Professional,1,1,5790 Amigo Ln.,,1 (11) 500 555-0135,15/07/2019,15/07/2024
25790,184,Cameron Patterson,10/09/1973,M,M,100000,4,Management,0,3,"3716, avenue Reille",,1 (11) 500 555-0198,08/07/2019,08/07/2024
25802,120,Clayton He,14/11/1969,S,M,120000,5,Management,0,3,Karl Liebknecht str 299,,1 (11) 500 555-0117,29/07/2019,29/07/2024
25807,199,Kaitlin Lopez,10/11/1967,M,F,90000,0,Skilled Manual,1,2,"5, route de Marseille",,1 (11) 500 555-0165,01/07/2019,01/07/2024
25817,18,Isaac Phillips,05/11/1993,M,M,80000,0,Professional,1,3,5065 Maywood Lane,,1 (11) 500 555-0114,29/07/2019,29/07/2024
25838,331,Makayla Reed,27/02/1958,S,F,60000,0,Management,1,2,2798 Rankin Way,,833-555-0142,02/07/2019,02/07/2024
25858,545,Mariah Gonzales,05/11/1965,S,F,20000,0,Clerical,1,3,6998 Courthouse Drive,,787-555-0196,30/07/2019,30/07/2024
25877,644,Alyssa Price,04/12/1968,S,F,60000,1,Professional,1,1,1721 Dianda,,553-555-0180,27/07/2019,27/07/2024
25881,358,Jennifer Clark,22/03/1968,M,F,60000,1,Management,1,0,4509 N. Michell Canyon Rd.,,112-555-0188,07/07/2019,07/07/2024
25907,36,Kelli Shen,24/08/1964,M,F,10000,1,Skilled Manual,1,2,5862 Crivello Ave.,,1 (11) 500 555-0118,17/07/2019,17/07/2024
25908,337,Melissa Long,23/03/1999,M,F,60000,0,Skilled Manual,0,1,7855 Waterhigh Street,,520-555-0114,29/07/2019,29/07/2024
25932,547,Marcus Rodriguez,25/11/1997,S,M,40000,0,Skilled Manual,0,1,5863 Sierra,,250-555-0141,24/07/2019,24/07/2024
25934,336,Luke King,23/09/1997,S,M,70000,0,Skilled Manual,0,2,9546 Cardinal Ct.,,118-555-0120,02/07/2019,02/07/2024
25963,623,Charles Morris,14/11/1994,S,M,60000,0,Professional,1,2,6857 Bentley St.,,233-555-0153,06/07/2019,06/07/2024
26008,315,Jennifer Gonzales,23/06/1979,M,F,70000,5,Professional,1,3,9494 Buena Vista,,101-555-0135,23/07/2019,23/07/2024
26031,27,Katrina Kumar,27/05/1985,S,F,60000,3,Professional,0,1,6838 El Rancho Drive,,1 (11) 500 555-0186,28/07/2019,28/07/2024
26100,63,James Ptaszynski,02/04/1956,S,F,40000,0,Professional,1,2,7345 Kenwal Rd.,,127-555-0194,18/07/2019,18/07/2024
26103,614,Jack Yang,26/03/1980,M,M,90000,3,Professional,1,3,533 Beauer Lane,,895-555-0130,10/07/2019,10/07/2024
26108,361,Dylan Thompson,05/05/1980,S,M,170000,1,Management,0,2,6321 Laguna Street,,711-555-0114,08/07/2019,08/07/2024
26170,361,Jeremiah Jenkins,04/05/1996,S,M,30000,0,Skilled Manual,0,2,7356 Indigo Ct.,,191-555-0117,08/07/2019,08/07/2024
26172,300,Madeline Hernandez,18/08/1995,S,F,40000,0,Skilled Manual,0,2,5863 Masonic Dr.,,465-555-0192,27/07/2019,27/07/2024
26193,300,Luis Edwards,01/02/1996,S,M,40000,0,Skilled Manual,0,1,9167 Jennifer Way,,423-555-0186,05/07/2019,05/07/2024
26197,612,Marcus Lopez,03/03/1995,S,M,40000,0,Skilled Manual,0,1,9846 Golf Club Road,,410-555-0110,13/07/2019,13/07/2024
26236,612,Isabella Evans,05/05/1995,M,F,40000,3,Clerical,1,1,4832 Park Glen Ct.,,286-555-0187,19/07/2019,19/07/2024
26288,301,Alexandra Russell,10/05/1993,M,F,40000,0,Skilled Manual,1,0,8809 Diablo View Road,,780-555-0185,16/07/2019,16/07/2024
26336,315,Noah Brown,25/08/1986,M,M,60000,0,Professional,1,0,8741 Clark Creek Lane,,230-555-0146,20/07/2019,20/07/2024
26361,249,Ebony Suarez,08/02/1986,M,F,10000,4,Manual,1,2,9057 Palms Dr.,,1 (11) 500 555-0198,30/07/2019,30/07/2024
26369,218,Kate Nath,24/09/1985,M,F,20000,2,Manual,1,0,"1101, rue Lauriston",,1 (11) 500 555-0171,29/07/2019,29/07/2024
26371,223,Cassandra Garcia,05/03/1985,M,F,30000,1,Skilled Manual,1,2,"9, rue Lafayette",,1 (11) 500 555-0161,27/07/2019,27/07/2024
26374,36,Bradley Pal,28/02/1991,S,M,130000,5,Management,0,4,7555 Hillview Dr,,1 (11) 500 555-0145,23/07/2019,23/07/2024
26396,176,Terry Black,19/05/1965,M,M,100000,3,Management,0,4,Charlottenstr 40,,1 (11) 500 555-0166,19/07/2019,19/07/2024
26415,132,Latoya Lal,17/04/1968,M,F,90000,1,Skilled Manual,1,4,Heideweg 2459,,1 (11) 500 555-0198,22/07/2019,22/07/2024
26446,9,Jamie Muñoz,09/03/1990,S,M,130000,5,Management,1,4,9539 Glenside Dr,,1 (11) 500 555-0111,27/07/2019,27/07/2024
26460,552,Gabriella Cook,09/03/1960,M,F,60000,0,Management,1,2,8264 Montanya Court,,553-555-0153,19/07/2019,19/07/2024
26461,59,Brooke Howard,24/11/1960,S,F,60000,0,Management,0,2,2010 Coach Place,,304-555-0157,03/07/2019,03/07/2024
26528,614,Samuel Garcia,04/05/1973,S,M,60000,1,Professional,1,2,2773 Bonifacio Street,,130-555-0138,01/07/2019,01/07/2024
26564,32,Franklin Chen,26/09/1974,S,M,40000,0,Clerical,0,2,9632 K St.,,1 (11) 500 555-0199,31/07/2019,31/07/2024
26565,2,Gabriel Mitchell,20/05/1974,S,M,40000,0,Clerical,0,2,6510 Northridge Drive,,1 (11) 500 555-0131,03/07/2019,03/07/2024
26580,548,Paige Ramirez,17/07/1994,M,F,50000,0,Skilled Manual,1,2,2317 Matchstick Drive,,820-555-0189,06/07/2019,06/07/2024
26595,623,Alyssa Bailey,05/04/1977,M,F,70000,0,Skilled Manual,1,2,8811 Lombardy Lane,,715-555-0165,08/07/2019,08/07/2024
26597,648,Madison Lewis,05/01/1984,S,F,60000,4,Skilled Manual,0,2,6394 Dumbarton Drive,,788-555-0156,12/07/2019,12/07/2024
26605,338,Brandon Foster,27/02/1983,S,M,70000,0,Professional,0,1,679 Land Ave,,743-555-0118,28/07/2019,28/07/2024
26613,302,Priscilla Lal,25/06/1981,M,F,40000,3,Skilled Manual,1,3,5412 Iris Ct,,439-555-0149,22/07/2019,22/07/2024
26637,316,Thomas Robinson,27/03/1979,M,M,60000,3,Professional,1,0,8354 Sunset Meadows Ln.,,348-555-0169,05/07/2019,05/07/2024
26659,24,Katrina Yuan,22/08/1990,M,F,80000,4,Management,0,1,9534 Hartnell Court,,1 (11) 500 555-0122,14/07/2019,14/07/2024
26772,9,Jamie Hu,20/02/1980,M,F,70000,4,Skilled Manual,1,3,3022 Adobe St,,1 (11) 500 555-0110,04/07/2019,04/07/2024
26781,634,Jan Cox,04/12/1999,M,F,30000,0,Skilled Manual,1,2,9429 Geraldine Dr,,660-555-0112,17/07/2019,17/07/2024
26783,644,Juan Torres,19/04/2000,M,M,40000,0,Skilled Manual,0,2,8761 Garnet Lane,,714-555-0128,06/07/2019,06/07/2024
26787,609,Austin Moore,04/09/1998,S,M,30000,0,Clerical,0,2,9609 W 74th St.,,381-555-0191,22/07/2019,22/07/2024
26810,54,Melanie Stewart,13/05/1985,S,F,50000,3,Skilled Manual,0,2,9667 Argonne Drive,,272-555-0181,18/07/2019,18/07/2024
26820,257,Carol Nath,02/05/1987,M,F,10000,3,Manual,1,1,3982 Ram Circle,,1 (11) 500 555-0193,06/07/2019,06/07/2024
26832,118,Kate Xie,03/02/1986,M,F,30000,1,Skilled Manual,1,2,Waldstr 91,,1 (11) 500 555-0169,31/07/2019,31/07/2024
26836,267,Hector Diaz,10/06/1985,S,M,20000,2,Manual,0,0,7128 Joan Ave.,,1 (11) 500 555-0132,15/07/2019,15/07/2024
26844,236,Erin Cooper,27/05/1950,S,F,20000,0,Manual,0,1,6838 El Rancho Drive,,1 (11) 500 555-0172,19/07/2019,19/07/2024
26863,256,Alvin Chen,08/11/1997,S,M,20000,0,Manual,0,1,1510 Sharon Dr.,,1 (11) 500 555-0113,08/07/2019,08/07/2024
26951,149,Trisha Hu,21/11/1989,S,F,10000,2,Manual,0,0,Hans-Rosenthal-Platz 4297,,1 (11) 500 555-0161,06/07/2019,06/07/2024
26980,119,Marc Suarez,08/07/1992,M,M,10000,0,Manual,1,2,Winterfeldtstr 29,,1 (11) 500 555-0172,01/07/2019,01/07/2024
27010,307,Jordyn Patterson,14/11/1995,M,F,40000,3,Clerical,1,0,4438 Chrislend Court,,897-555-0117,15/07/2019,15/07/2024
27029,358,Elizabeth Hughes,18/09/1975,S,F,30000,0,Clerical,0,2,4809 Ward Court,,702-555-0195,15/07/2019,15/07/2024
27032,359,Miguel Garcia,10/09/1975,S,M,30000,0,Clerical,1,2,7324 Mt. Tri-state Ct.,,772-555-0148,21/07/2019,21/07/2024
27057,648,Brooke Morris,16/08/1992,S,F,50000,0,Skilled Manual,0,0,2916 Hill Dr.,,698-555-0129,13/07/2019,13/07/2024
27190,301,Shelby Reed,26/04/1994,M,F,40000,3,Clerical,1,1,9420 Fillet Ave,,833-555-0126,07/07/2019,07/07/2024
27191,58,David Brown,13/09/1994,S,M,40000,3,Clerical,0,2,3883 Pheasant Ct.,,355-555-0148,22/07/2019,22/07/2024
27216,361,Ana Diaz,27/10/1976,M,F,30000,0,Skilled Manual,0,2,1271 Mills Place,,157-555-0145,26/07/2019,26/07/2024
27315,175,James Mitchell,19/06/1965,M,M,100000,3,Management,1,4,Am Gallberg 6626,,1 (11) 500 555-0161,09/07/2019,09/07/2024
27318,196,James Bryant,11/11/1974,M,M,80000,2,Professional,1,1,"11, avenue du Président-Kennedy",,1 (11) 500 555-0122,07/07/2019,07/07/2024
27328,187,Edgar Srini,27/03/1969,S,M,80000,1,Management,1,3,"92, rue Mazagran",,1 (11) 500 555-0130,24/07/2019,24/07/2024
27349,39,Sheila Diaz,15/08/1994,M,F,90000,0,Professional,1,3,986 Roundhouse Pl.,,1 (11) 500 555-0124,13/07/2019,13/07/2024
27372,402,Andre Sai,01/02/1968,S,M,30000,0,Professional,0,2,2530 C Del Rio Circle,,724-555-0116,02/07/2019,02/07/2024
27377,51,Melanie Alexander,05/02/1967,S,F,30000,0,Professional,1,2,2420 Union St,,742-555-0138,06/07/2019,06/07/2024
27383,311,Jay Hernandez,02/03/1958,S,M,60000,0,Management,1,2,651 Melody Dr.,,109-555-0158,26/07/2019,26/07/2024
27392,298,Felicia Romero,25/08/1961,M,F,50000,0,Management,1,2,1797 Victory Lane,,198-555-0116,30/07/2019,30/07/2024
27434,336,David Patterson,25/06/1970,S,M,70000,2,Professional,1,1,7547 Payot Court,,926-555-0172,26/07/2019,26/07/2024
27480,336,Chloe Parker,07/06/1997,S,F,70000,0,Skilled Manual,0,2,3983 Crane Court,,360-555-0121,26/07/2019,26/07/2024
27507,310,Valerie Li,27/06/1995,M,F,40000,0,Skilled Manual,1,2,6749 East 23rd Street,,417-555-0198,10/07/2019,10/07/2024
27516,18,Charles Murphy,12/05/1979,S,M,100000,1,Management,1,3,8586 Mellowood Street,,1 (11) 500 555-0120,05/07/2019,05/07/2024
27532,626,Kaitlyn Flores,05/04/1984,S,F,60000,4,Skilled Manual,1,2,1596 Bryce Dr,,713-555-0121,01/07/2019,01/07/2024
27538,536,José Jackson,14/02/1983,M,M,70000,2,Professional,1,2,508 Somerset Place,,132-555-0136,23/07/2019,23/07/2024
27562,68,Haley Bailey,23/06/1979,M,F,60000,4,Professional,1,1,5643 Palms Dr.,,569-555-0170,27/07/2019,27/07/2024
27629,632,Jose Bryant,22/07/1983,M,M,90000,0,Professional,1,1,9082 Rolling Green Circle,,931-555-0117,02/07/2019,02/07/2024
27640,311,Lauren Thomas,21/12/1982,S,F,120000,3,Professional,0,4,8786 Croyden Dr.,,937-555-0159,30/07/2019,30/07/2024
27647,361,Daniel Moore,25/09/1981,M,M,150000,2,Professional,0,4,8672 Price Lane,,433-555-0110,14/07/2019,14/07/2024
27676,355,Trevor Flores,10/04/1971,M,M,40000,0,Professional,1,2,5608 Montanya Court,,121-555-0136,16/07/2019,16/07/2024
27686,5,Vincent Zhang,19/05/1983,M,M,60000,4,Professional,1,3,5891 Maureen Ln,,1 (11) 500 555-0140,31/07/2019,31/07/2024
27735,616,Shelby Sanders,20/06/1997,S,F,40000,0,Skilled Manual,0,2,2588 San Vincente Drive,,429-555-0185,27/07/2019,27/07/2024
27741,612,Gabrielle Foster,15/08/1999,S,F,40000,0,Skilled Manual,1,2,1488 Guadalupe Dr.,,121-555-0120,24/07/2019,24/07/2024
27793,215,Mitchell Shan,07/09/1953,S,M,10000,0,Manual,0,2,"5, boulevard du Montparnasse",,1 (11) 500 555-0187,08/07/2019,08/07/2024
27831,142,Clinton Vazquez,09/11/1996,S,M,20000,0,Manual,0,1,Am Gallberg 6186,,1 (11) 500 555-0196,26/07/2019,26/07/2024
27911,626,Robert Moore,07/02/1996,S,M,40000,0,Skilled Manual,0,2,8436 L St.,,237-555-0192,09/07/2019,09/07/2024
27989,345,Joseph Thomas,08/03/1968,M,M,30000,0,Professional,1,2,793 Crawford Street,,128-555-0119,10/07/2019,10/07/2024
28023,539,Andrea James,15/09/1966,S,F,40000,0,Professional,0,3,4645 Rossmor Parkway,,514-555-0198,06/07/2019,06/07/2024
28024,302,Miguel Perry,06/04/1966,M,M,70000,0,Management,0,3,9446 Camelback Ct.,,203-555-0116,20/07/2019,20/07/2024
28025,68,Mya Russell,25/01/1967,M,F,40000,1,Professional,0,2,3797 Mt. Wilson Way,,891-555-0132,24/07/2019,24/07/2024
28138,38,Marvin Ramos,13/11/1978,S,M,100000,0,Management,0,4,9641 M St.,,1 (11) 500 555-0156,28/07/2019,28/07/2024
28174,536,Marco Subram,24/04/1980,M,M,40000,2,Skilled Manual,1,3,4268 Shadow Court,,732-555-0135,18/07/2019,18/07/2024
28238,322,Dalton Flores,07/07/1985,S,M,120000,2,Management,0,4,4534 Blum Rd.,,344-555-0110,01/07/2019,01/07/2024
28245,50,Gavin Henderson,05/01/1976,S,M,80000,0,Professional,1,1,5309 Diane Ct.,,322-555-0195,05/07/2019,05/07/2024
28258,360,Destiny Bryant,09/09/1982,S,F,130000,3,Management,0,1,2773 Kirkwood Dr,,658-555-0177,04/07/2019,04/07/2024
28262,616,Destiny Diaz,07/07/1981,M,F,80000,4,Professional,1,3,8500 Pinehurst Court,,635-555-0141,24/07/2019,24/07/2024
28277,609,Katrina Deng,02/02/1955,S,F,40000,0,Professional,1,2,5562 Galindo Street,,613-555-0165,24/07/2019,24/07/2024
28346,69,Eduardo Russell,04/06/1999,S,M,30000,0,Clerical,0,2,2665 Escobar,,628-555-0177,21/07/2019,21/07/2024
28406,211,Gerald Srini,23/03/1983,M,M,30000,2,Clerical,1,2,"288, rue de Linois",,1 (11) 500 555-0135,27/07/2019,27/07/2024
28435,173,Edwin Liu,11/04/1996,M,M,30000,0,Clerical,0,1,Alderweg 37,,1 (11) 500 555-0157,23/07/2019,23/07/2024
28439,262,Olivia Gray,12/11/1995,S,F,20000,0,Manual,0,1,3618 Galveston Ct,,1 (11) 500 555-0192,19/07/2019,19/07/2024
28457,220,Bruce Gonzalez,01/10/1955,S,M,10000,0,Clerical,0,0,"703, boulevard du Montparnasse",,1 (11) 500 555-0179,03/07/2019,03/07/2024
28466,188,Marco Chandra,21/09/1976,S,M,20000,0,Clerical,1,0,"600, route de Marseille",,1 (11) 500 555-0119,11/07/2019,11/07/2024
28566,157,Colin Sun,23/06/1991,S,M,20000,0,Manual,0,2,Pflugstr 8525,,1 (11) 500 555-0121,27/07/2019,27/07/2024
28578,626,Zoe Rogers,08/10/1986,S,F,80000,0,Skilled Manual,0,0,4155 Bayberry Dr.,,194-555-0199,18/07/2019,18/07/2024
28634,548,Nathan Mitchell,22/03/1993,S,M,40000,0,Skilled Manual,1,0,6786 Pheasant Circle,,225-555-0159,26/07/2019,26/07/2024
28677,609,Damien Tang,13/08/1986,S,M,80000,3,Skilled Manual,1,0,2 Raymond Dr,,182-555-0198,15/07/2019,15/07/2024
28762,546,Aaron Henderson,12/11/1994,M,M,40000,3,Clerical,1,2,3098 Seabourne Ct,,355-555-0171,05/07/2019,05/07/2024
28782,312,Cody Howard,11/03/1976,M,M,30000,0,Skilled Manual,1,2,9663 Soto Street,,979-555-0183,25/07/2019,25/07/2024
28789,312,Elijah Zhang,11/03/1977,S,M,30000,0,Skilled Manual,1,2,7827 11th,,788-555-0115,31/07/2019,31/07/2024
28863,553,Allison Bell,26/12/1996,M,F,40000,0,Skilled Manual,1,1,2151 Twincreek Ct,,540-555-0145,08/07/2019,08/07/2024
28873,299,Roger Deng,18/05/1973,M,M,70000,3,Professional,1,1,780 F Mt Hood Circle,,718-555-0180,24/07/2019,24/07/2024
28895,159,Mitchell Luo,18/05/1966,S,M,110000,4,Management,1,4,Krönerweg 9249,,1 (11) 500 555-0138,22/07/2019,22/07/2024
28897,209,Jennifer Ross,18/03/1973,S,F,80000,2,Professional,0,2,"201bis, boulevard Saint Germain",,1 (11) 500 555-0189,09/07/2019,09/07/2024
28917,201,Sandra Zhou,03/02/1968,S,F,80000,1,Management,0,4,"82, cours Mirabeau",,1 (11) 500 555-0184,04/07/2019,04/07/2024
28946,25,John Anderson,25/09/1992,S,M,80000,0,Professional,1,4,2513 Buskirk Avenue,,1 (11) 500 555-0187,03/07/2019,03/07/2024
28960,24,Jacquelyn Vazquez,22/03/1992,M,F,160000,5,Professional,0,4,4024 Montana,# 113,1 (11) 500 555-0199,09/07/2019,09/07/2024
28987,385,Jessica Harris,06/06/1963,S,F,60000,0,Management,1,2,3136 Mcnutt Ave.,,558-555-0181,24/07/2019,24/07/2024
29024,301,Deanna Blanco,09/09/1971,S,F,60000,1,Professional,1,2,5298 Green View Court,,190-555-0171,25/07/2019,25/07/2024
29036,607,Rebecca Baker,25/10/1973,M,F,60000,1,Skilled Manual,1,2,4414 Marion Ct.,,842-555-0134,03/07/2019,03/07/2024
29215,539,Abigail Barnes,13/03/1984,S,F,90000,5,Professional,0,3,8674 Marina Vill Pkwy.,,121-555-0184,12/07/2019,12/07/2024
29216,543,Antonio Wood,19/05/1984,S,M,90000,5,Professional,0,4,2569 Serrana Ct.,,341-555-0163,30/07/2019,30/07/2024
29219,307,Darren Arun,17/06/1984,S,M,130000,2,Management,0,2,5137 Napa Court,,160-555-0114,24/07/2019,24/07/2024
29244,307,Eric Ross,22/08/1982,S,M,110000,3,Management,1,2,1519 Birch Bark Road,,837-555-0153,09/07/2019,09/07/2024
29262,536,Cassie Raje,22/02/1956,S,F,50000,0,Management,0,2,1727 The Trees Drive,,827-555-0119,27/07/2019,27/07/2024
29282,66,Taylor Jackson,13/09/1969,M,F,30000,0,Professional,1,2,4845 Park Lane Circle,,559-555-0129,02/07/2019,02/07/2024
29288,3,Glenn Lin,18/10/1984,M,M,60000,4,Professional,0,2,3494 Radar Blvd,,1 (11) 500 555-0111,28/07/2019,28/07/2024
29305,8,Beth Alvarez,13/05/1979,S,F,100000,0,Professional,0,1,3407 Pine Dr.,,1 (11) 500 555-0153,01/07/2019,01/07/2024
29471,186,Dana Ortega,26/03/1980,S,F,10000,1,Manual,0,1,"80, rue de Fontfroide",,1 (11) 500 555-0148,24/07/2019,24/07/2024
